{
  "EchoTime1": 0.0060000000000000001, 
  "EchoTime2": 0.0070200000000000002
}